hhid,survey_date_fu,enum_id_fu,food_insecurity_score_fu,school_attendance_rate_fu,health_visit_last_month_fu,received_transfer_self_report,grievance_awareness,satisfaction_score,attrition_reason
HH00001,2026-03-13,EN15,9,84.5,1,1,0,2.6,
HH00002,2026-03-08,EN06,10,70.2,0,1,1,2.3,
HH00003,2026-04-11,EN09,9,83.1,1,0,1,1.4,
HH00004,2026-03-18,EN11,8,92.4,0,0,1,2.1,
HH00006,2026-03-03,EN07,4,77.3,0,1,1,2.6,
HH00007,2026-04-01,EN05,5,79.4,1,1,0,2.7,
HH00008,2026-03-05,EN02,6,82.8,1,1,0,4.1,
HH00009,2026-03-14,EN04,9,68.4,0,1,0,4.4,
HH00010,2026-03-31,EN09,8,78.2,0,1,0,4.1,
HH00012,2026-04-14,EN11,11,94.6,0,0,0,4.2,
HH00013,2026-03-06,EN10,8,81.9,1,1,0,2.7,
HH00014,2026-03-16,EN03,12,91.3,1,1,0,3.1,
HH00015,2026-04-05,EN10,8,59.2,1,1,1,2.1,
HH00016,2026-03-01,EN05,6,85.0,1,1,1,2.5,
HH00017,2026-03-04,EN06,9,82.7,0,0,1,1.5,
HH00018,2026-04-14,EN06,7,64.7,0,0,0,4.1,
HH00019,2026-04-14,EN13,5,62.6,0,0,1,4.2,
HH00020,2026-03-02,EN03,8,66.5,1,1,0,2.4,
HH00021,2026-03-11,EN05,8,84.0,0,1,0,2.8,
HH00022,2026-03-05,EN01,7,78.8,0,1,0,4.4,
HH00023,2026-04-11,EN02,4,96.2,0,1,1,4.2,
HH00024,2026-03-20,EN01,11,73.7,1,1,1,2.8,
HH00025,2026-03-25,EN01,12,73.3,1,0,1,2.2,
HH00026,2026-04-10,EN16,11,82.7,1,0,0,2.0,
HH00028,2026-03-21,EN09,9,98.4,0,1,1,4.6,
HH00029,2026-04-10,EN16,12,68.6,1,0,0,3.2,
HH00031,2026-03-08,EN04,4,82.5,1,0,0,2.8,
HH00033,2026-03-10,EN10,8,63.1,0,0,0,3.1,
HH00034,2026-03-02,EN14,11,70.9,0,0,0,3.0,
HH00035,2026-03-08,EN03,10,77.6,1,1,1,4.4,
HH00036,2026-03-02,EN11,10,74.1,0,0,0,1.7,
HH00037,2026-03-18,EN07,12,83.6,1,0,1,1.9,
HH00038,2026-04-02,EN15,11,68.1,0,0,0,3.2,
HH00039,2026-04-07,EN08,12,66.7,0,0,0,3.4,
HH00041,2026-03-23,EN07,12,46.7,0,0,0,2.7,
HH00042,2026-04-10,EN09,6,69.5,0,0,1,1.7,
HH00043,2026-03-15,EN14,6,77.9,1,1,1,3.0,
HH00044,2026-04-08,EN04,7,78.6,1,1,1,4.7,
HH00045,2026-04-13,EN03,7,48.2,1,1,1,5,
HH00046,2026-03-30,EN16,8,80.3,0,0,0,2.5,
HH00047,2026-03-24,EN07,10,62.5,0,0,0,2.2,
HH00048,2026-03-07,EN03,11,64.5,0,0,0,3.5,
HH00049,2026-04-13,EN01,12,72.6,1,0,1,3.2,
HH00050,2026-03-19,EN02,8,73.2,0,1,1,2.0,
HH00051,2026-04-13,EN16,6,71.3,0,1,0,3.6,
HH00052,2026-03-17,EN10,9,78.6,1,1,1,3.5,
HH00053,2026-03-28,EN12,5,81.4,0,1,0,3.6,
HH00054,2026-03-12,EN16,7,80.4,0,1,1,2.7,
HH00055,2026-03-29,EN05,7,87.6,0,0,0,2.6,
HH00056,2026-04-14,EN02,8,82.2,1,0,0,2.2,
HH00057,2026-03-15,EN11,6,99.6,0,1,0,3.1,
HH00058,2026-03-09,EN11,6,58.8,1,0,0,2.4,
HH00059,2026-03-07,EN02,8,84.3,0,0,0,2.4,
HH00060,2026-03-31,EN03,6,71.2,1,1,0,3.7,
HH00061,2026-03-21,EN07,6,75.0,1,1,1,2.5,
HH00062,2026-04-10,EN09,9,77.2,1,0,1,4.2,
HH00063,2026-03-13,EN09,11,85.0,1,0,0,4.0,
HH00064,2026-03-17,EN15,5,83.8,1,1,1,2.7,
HH00065,2026-03-14,EN02,7,84.2,0,1,0,4.4,
HH00066,2026-03-03,EN01,11,59.0,0,0,0,3.3,
HH00067,2026-04-07,EN11,12,93.5,0,0,0,3.4,
HH00068,2026-03-26,EN08,7,70.3,1,0,1,2.0,
HH00069,2026-03-16,EN15,4,72.3,1,0,0,2.7,
HH00070,2026-03-08,EN03,8,100,1,0,0,2.7,
HH00071,2026-03-31,EN10,10,81.0,1,0,1,4.6,
HH00072,2026-03-02,EN11,5,53.1,0,0,0,4.0,
HH00074,2026-03-29,EN04,7,62.4,0,0,1,3.1,
HH00075,2026-04-06,EN01,8,61.8,1,0,1,2.6,
HH00076,2026-03-14,EN06,8,85.4,1,1,0,2.0,
HH00077,2026-04-06,EN09,10,75.0,0,1,1,3.1,
HH00078,2026-03-18,EN14,8,66.0,1,0,0,4.4,
HH00079,2026-03-29,EN12,10,82.9,0,1,1,5,
HH00080,2026-04-04,EN05,8,94.5,0,1,1,3.7,
HH00081,2026-03-11,EN05,11,96.7,0,1,0,3.5,
HH00082,2026-03-21,EN07,6,80.4,1,0,0,3.9,
HH00083,2026-03-11,EN10,7,75.5,0,1,1,2.8,
HH00084,2026-03-28,EN12,9,71.6,1,0,1,2.7,
HH00085,2026-03-29,EN03,7,94.2,0,1,0,3.4,
HH00087,2026-03-12,EN09,10,68.5,0,0,1,3.3,
HH00088,2026-03-23,EN13,7,62.5,0,1,1,2.8,
HH00089,2026-04-09,EN08,11,62.7,1,0,1,3.6,
HH00090,2026-04-05,EN06,3,62.2,1,1,1,4.3,
HH00092,2026-04-13,EN11,3,72.3,0,1,1,3.1,
HH00093,2026-04-07,EN09,6,75.4,0,0,1,1,
HH00094,2026-04-04,EN10,12,67.6,0,0,1,2.1,
HH00095,2026-03-25,EN05,9,75.6,1,1,0,3.9,
HH00096,2026-03-08,EN04,10,78.5,0,1,0,3.6,
HH00097,2026-03-03,EN12,7,48.5,1,0,0,2.5,
HH00098,2026-04-02,EN12,8,94.2,0,0,1,4.1,
HH00099,2026-04-13,EN01,7,87.3,0,1,0,3.0,
HH00100,2026-04-04,EN16,8,78.2,1,1,1,3.8,
HH00101,2026-03-15,EN02,8,84.8,1,1,1,3.7,
HH00102,2026-04-01,EN11,8,74.8,0,0,1,3.9,
HH00103,2026-03-24,EN06,10,85.1,1,0,0,3.4,
HH00104,2026-03-28,EN10,7,52.0,0,0,0,2.2,
HH00105,2026-03-06,EN09,8,63.4,0,0,1,4.1,
HH00106,2026-03-30,EN03,9,65.2,0,0,0,3.7,
HH00107,2026-04-02,EN08,8,91.2,0,1,1,3.0,
HH00108,2026-03-04,EN09,3,74.3,0,1,0,4.6,
HH00109,2026-04-02,EN13,7,69.8,1,1,0,2.9,
HH00110,2026-03-09,EN12,10,83.9,0,0,1,2.9,
HH00111,2026-04-10,EN03,6,76.7,1,1,0,5,
HH00112,2026-03-17,EN03,9,75.1,1,1,1,4.7,
HH00113,2026-03-13,EN11,9,77.5,0,0,1,2.7,
HH00114,2026-03-08,EN02,9,91.0,1,0,0,2.3,
HH00115,2026-03-24,EN04,7,78.6,0,1,0,2.4,
HH00116,2026-03-21,EN04,7,94.8,0,1,0,3.7,
HH00117,2026-04-05,EN13,4,75.9,1,0,1,4.3,
HH00118,2026-04-03,EN05,7,85.5,0,0,0,1.9,
HH00119,2026-03-28,EN01,8,67.7,0,0,1,2.4,
HH00120,2026-03-11,EN14,3,67.1,0,0,0,2.4,
HH00121,2026-03-16,EN10,9,100,0,1,0,3.9,
HH00122,2026-04-06,EN03,7,76.9,0,1,1,3.7,
HH00123,2026-03-04,EN06,8,80.8,1,1,1,5,
HH00124,2026-03-22,EN07,10,52.9,0,0,1,3.7,
HH00125,2026-04-11,EN13,3,86.0,1,1,0,2.8,
HH00126,2026-04-08,EN06,10,75.8,1,0,1,2.7,
HH00128,2026-04-03,EN04,7,88.1,0,1,1,1.8,
HH00129,2026-04-01,EN04,4,96.1,1,1,0,2.6,
HH00130,2026-03-31,EN03,7,90.9,0,0,1,3.0,
HH00131,2026-03-06,EN07,11,73.9,1,0,1,4.0,
HH00132,2026-03-31,EN12,7,87.1,0,1,0,3.4,
HH00133,2026-03-13,EN10,7,72.6,0,0,0,4.0,
HH00134,2026-03-08,EN15,7,65.1,1,0,1,2.0,
HH00135,2026-03-20,EN16,6,68.6,0,1,1,4.1,
HH00136,2026-03-27,EN16,4,95.6,0,1,1,2.0,
HH00137,2026-03-08,EN13,7,97.0,0,1,0,4.8,
HH00138,2026-04-13,EN08,7,54.1,0,0,1,2.8,
HH00139,2026-04-01,EN07,8,76.6,1,0,1,4.1,
HH00140,2026-03-21,EN05,4,83.6,1,1,1,4.9,
HH00141,2026-03-14,EN11,1,82.6,0,1,1,3.3,
HH00142,2026-03-06,EN01,12,96.1,1,0,1,2.1,
HH00143,2026-04-08,EN03,6,67.2,1,1,1,5,
HH00144,2026-03-30,EN06,4,100,1,1,0,4.2,
HH00145,2026-03-26,EN08,5,57.3,0,1,0,3.7,
HH00146,2026-03-03,EN07,8,82.1,0,0,1,1.8,
HH00147,2026-04-08,EN06,5,67.1,1,1,0,3.3,
HH00148,2026-03-18,EN02,5,84.7,1,1,1,5,
HH00149,2026-03-15,EN12,10,66.9,0,0,1,4.3,
HH00150,2026-03-10,EN02,3,67.9,1,1,0,4.0,
HH00151,2026-03-19,EN01,12,73.4,0,0,0,2.5,
HH00152,2026-03-13,EN07,4,80.3,0,1,0,2.4,
HH00153,2026-03-08,EN08,11,72.9,1,1,0,3.1,
HH00154,2026-03-26,EN03,12,71.1,0,0,0,5,
HH00155,2026-03-29,EN08,7,87.8,0,1,1,4.3,
HH00156,2026-04-04,EN09,7,83.4,0,0,1,3.5,
HH00158,2026-03-11,EN09,12,90.5,0,1,0,2.8,
HH00159,2026-04-11,EN07,10,78.7,0,0,1,2.4,
HH00160,2026-04-10,EN01,6,82.2,0,0,0,2.5,
HH00161,2026-03-20,EN09,6,88.2,1,1,1,3.3,
HH00162,2026-03-23,EN13,2,82.4,0,1,0,3.8,
HH00163,2026-04-11,EN05,5,73.3,1,1,0,3.6,
HH00164,2026-03-31,EN16,11,77.8,0,1,1,4.0,
HH00165,2026-03-03,EN05,12,67.5,0,0,0,3.3,
HH00166,2026-03-15,EN05,9,76.5,0,1,1,4.1,
HH00167,2026-03-13,EN01,10,67.0,0,1,1,4.5,
HH00168,2026-03-24,EN12,8,54.1,1,0,0,4.9,
HH00169,2026-03-15,EN13,7,86.7,1,1,0,3.9,
HH00170,2026-03-18,EN14,8,74.9,0,0,0,1,
HH00171,2026-04-01,EN08,11,74.9,1,1,0,3.9,
HH00172,2026-03-04,EN08,10,71.4,0,1,0,2.8,
HH00173,2026-03-11,EN08,4,94.5,1,0,0,3.8,
HH00174,2026-03-25,EN02,8,82.4,1,0,0,3.6,
HH00175,2026-03-20,EN06,5,69.4,1,0,0,4.1,
HH00176,2026-03-10,EN11,3,84.2,0,1,1,5,
HH00177,2026-03-27,EN02,6,83.4,0,1,0,2.3,
HH00178,2026-04-01,EN05,12,77.8,1,1,1,3.5,
HH00179,2026-03-27,EN02,6,68.5,1,1,0,3.4,
HH00180,2026-03-13,EN08,6,68.3,1,0,0,1.4,
HH00181,2026-03-20,EN16,11,68.6,0,0,0,3.0,
HH00182,2026-03-21,EN04,8,67.0,0,0,1,4.3,
HH00183,2026-03-19,EN06,8,93.4,0,1,1,3.8,
HH00184,2026-04-07,EN09,2,59.5,1,1,0,3.9,
HH00185,2026-03-19,EN02,5,77.5,1,1,0,3.7,
HH00186,2026-03-20,EN06,7,87.4,1,0,1,2.8,
HH00187,2026-03-10,EN03,10,58.7,0,0,1,3.0,
HH00188,2026-03-03,EN13,11,66.8,0,1,0,4.4,
HH00189,2026-04-04,EN09,9,65.9,1,1,1,4.7,
HH00190,2026-03-19,EN16,4,80.0,0,1,0,3.0,
HH00191,2026-04-10,EN02,10,76.8,0,0,0,2.9,
HH00192,2026-03-23,EN01,2,71.5,0,1,1,4.2,
HH00193,2026-04-11,EN16,10,81.8,0,0,1,3.0,
HH00194,2026-03-24,EN05,12,65.3,1,1,0,2.5,
HH00195,2026-04-02,EN08,9,82.8,0,1,0,3.4,
HH00196,2026-04-08,EN11,6,91.1,0,1,0,3.5,
HH00197,2026-03-12,EN04,7,70.5,1,0,1,2.5,
HH00198,2026-03-02,EN05,10,83.3,1,1,1,4.7,
HH00199,2026-03-22,EN13,10,84.8,1,1,1,4.6,
HH00200,2026-03-17,EN03,8,57.8,1,1,1,5,
HH00201,2026-03-29,EN05,7,79.7,0,1,1,3.4,
HH00202,2026-04-09,EN06,5,66.4,1,1,0,4.6,
HH00203,2026-03-28,EN03,8,75.2,0,1,0,4.5,
HH00205,2026-04-06,EN07,8,83.5,0,0,0,1.8,
HH00207,2026-04-06,EN11,6,81.6,0,1,0,4.3,
HH00208,2026-03-29,EN16,5,84.5,0,1,1,4.1,
HH00209,2026-03-17,EN05,10,70.6,0,0,0,3.4,
HH00210,2026-03-09,EN05,9,98.6,1,1,0,3.8,
HH00211,2026-03-01,EN10,7,78.3,0,0,0,2.7,
HH00212,2026-04-06,EN13,7,77.9,0,1,1,2.9,
HH00213,2026-03-12,EN04,7,83.9,0,1,1,3.5,
HH00214,2026-03-28,EN07,11,87.8,1,0,1,2.3,
HH00215,2026-04-06,EN10,3,67.5,0,0,0,3.3,
HH00216,2026-04-05,EN10,5,83.7,1,1,1,3.1,
HH00217,2026-03-01,EN11,11,70.1,1,0,1,2.0,
HH00219,2026-03-19,EN12,2,97.6,0,1,1,3.4,
HH00220,2026-03-24,EN02,5,72.9,0,0,1,2.2,
HH00222,2026-03-11,EN11,6,71.4,1,1,1,4.6,
HH00223,2026-04-13,EN03,8,65.0,0,0,1,1.4,
HH00224,2026-03-15,EN04,4,73.9,0,1,0,2.6,
HH00225,2026-04-13,EN16,2,92.8,1,0,1,1,
HH00226,2026-04-04,EN02,7,87.2,1,1,0,3.1,
HH00227,2026-04-07,EN11,9,93.5,1,0,0,3.9,
HH00228,2026-04-11,EN08,9,84.5,1,0,1,1,
HH00229,2026-04-02,EN06,11,77.9,1,1,0,3.9,
HH00230,2026-03-30,EN15,9,95.4,1,1,1,4.4,
HH00231,2026-03-23,EN15,9,63.8,1,0,1,2.2,
HH00233,2026-04-08,EN04,5,72.3,0,1,1,2.3,
HH00234,2026-04-07,EN02,11,67.7,0,0,1,2.7,
HH00235,2026-03-18,EN05,1,76.0,1,1,0,5,
HH00236,2026-03-27,EN13,6,58.2,1,1,0,4.1,
HH00237,2026-03-30,EN15,5,86.2,1,1,1,3.4,
HH00238,2026-03-15,EN11,7,72.8,0,0,0,3.4,
HH00239,2026-04-04,EN13,8,86.1,0,1,0,4.3,
HH00240,2026-03-23,EN15,8,85.1,1,1,0,3.7,
HH00241,2026-03-24,EN07,4,75.8,1,1,1,5,
HH00242,2026-04-13,EN02,11,78.2,1,0,1,2.5,
HH00243,2026-04-09,EN01,8,52.9,1,1,1,2.5,
HH00244,2026-03-14,EN06,4,98.4,0,1,0,4.0,
HH00245,2026-03-01,EN07,4,97.6,1,1,1,3.7,
HH00246,2026-03-19,EN03,12,92.8,0,0,0,3.4,
HH00247,2026-03-15,EN11,10,62.6,1,0,0,2.5,
HH00248,2026-03-26,EN04,6,83.7,1,0,0,2.8,
HH00249,2026-04-12,EN11,7,57.0,1,0,0,3.0,
HH00250,2026-04-13,EN10,7,66.4,1,0,1,1.1,
HH00251,2026-03-13,EN01,11,71.1,1,1,1,2.8,
HH00252,2026-04-12,EN15,11,72.5,1,0,0,3.0,
HH00253,2026-04-04,EN16,5,72.7,0,0,0,3.4,
HH00255,2026-03-12,EN10,7,79.0,1,1,1,5,
HH00256,2026-04-03,EN14,10,87.1,0,1,0,3.1,
HH00257,2026-04-13,EN16,12,59.4,1,0,1,2.8,
HH00258,2026-03-02,EN04,6,66.9,0,1,0,4.3,
HH00260,2026-04-11,EN12,8,90.7,1,1,0,4.2,
HH00261,2026-03-21,EN16,6,69.2,1,1,1,3.3,
HH00262,2026-03-22,EN06,9,71.7,1,0,1,3.4,
HH00263,2026-03-26,EN02,5,68.8,1,0,1,2.0,
HH00264,2026-03-25,EN02,12,89.4,0,1,0,2.4,
HH00265,2026-03-06,EN01,8,86.0,0,1,0,4.4,
HH00266,2026-03-21,EN03,9,90.3,1,1,0,2.4,
HH00267,2026-04-08,EN03,10,86.2,1,0,1,1.5,
HH00268,2026-03-31,EN07,8,97.7,1,1,0,3.8,
HH00269,2026-03-23,EN11,7,51.6,0,0,0,1.9,
HH00270,2026-03-04,EN08,4,72.7,0,1,0,3.7,
HH00271,2026-04-14,EN06,3,64.3,1,1,1,2.5,
HH00272,2026-03-09,EN05,2,63.7,0,1,0,3.8,
HH00273,2026-04-05,EN15,10,57.1,0,1,1,3.9,
HH00274,2026-03-09,EN15,3,74.3,0,1,1,3.4,
HH00275,2026-03-26,EN09,12,75.1,0,1,1,3.2,
HH00276,2026-03-27,EN10,5,90.9,0,1,0,3.5,
HH00277,2026-03-30,EN01,8,92.9,1,1,0,4.4,
HH00278,2026-03-08,EN11,6,80.9,0,1,1,2.4,
HH00279,2026-03-01,EN08,4,84.9,0,1,0,4.8,
HH00280,2026-03-07,EN04,10,87.0,0,0,1,3.4,
HH00281,2026-03-17,EN12,10,69.9,1,0,1,2.4,
HH00282,2026-03-23,EN06,6,60.1,1,0,1,3.5,
HH00283,2026-04-08,EN03,8,53.9,1,0,0,3.2,
HH00284,2026-03-17,EN12,12,88.4,1,0,1,4.1,
HH00285,2026-03-26,EN14,9,57.6,1,0,1,1.1,
HH00286,2026-04-01,EN04,6,78.2,0,1,0,1.9,
HH00287,2026-03-09,EN12,7,100,0,0,0,2.7,
HH00288,2026-03-20,EN09,9,70.0,0,1,1,3.1,
HH00290,2026-03-25,EN01,9,74.9,0,1,1,3.2,
HH00291,2026-03-09,EN12,5,84.3,0,1,0,4.0,
HH00293,2026-03-11,EN07,8,75.4,0,0,0,2.8,
HH00294,2026-04-08,EN10,12,71.8,1,0,1,2.8,
HH00295,2026-03-17,EN01,4,73.4,1,1,1,3.3,
HH00296,2026-03-13,EN04,6,59.8,0,0,0,2.4,
HH00297,2026-03-12,EN12,12,62.5,1,0,1,2.2,
HH00298,2026-03-18,EN10,4,96.1,1,1,0,3.1,
HH00299,2026-03-16,EN07,7,78.4,1,0,1,4.1,
HH00300,2026-04-14,EN03,7,73.4,0,1,1,2.9,
HH00301,2026-03-12,EN05,5,60.7,0,0,1,3.5,
HH00302,2026-03-09,EN11,6,68.6,0,1,1,5,
HH00303,2026-03-31,EN12,10,63.9,0,0,1,3.2,
HH00304,2026-03-13,EN16,4,73.7,0,1,1,3.8,
HH00305,2026-03-03,EN08,4,65.6,0,0,0,2.9,
HH00306,2026-04-10,EN05,7,95.5,0,1,1,2.7,
HH00307,2026-03-14,EN02,6,74.6,1,0,0,2.9,
HH00308,2026-03-12,EN12,6,73.9,0,1,1,4.2,
HH00309,2026-03-11,EN10,5,100,0,0,1,3.9,
HH00310,2026-03-13,EN03,5,71.5,1,1,0,4.1,
HH00311,2026-03-22,EN01,5,67.7,1,0,1,2.8,
HH00312,2026-03-14,EN09,11,76.9,1,0,0,2.2,
HH00313,2026-04-03,EN02,9,63.5,1,1,1,3.8,
HH00314,2026-03-27,EN10,4,85.7,1,0,0,2.1,
HH00315,2026-03-04,EN03,10,44.8,0,1,0,4.0,
HH00316,2026-03-27,EN15,9,79.2,0,1,1,3.2,
HH00317,2026-04-09,EN07,9,99.2,1,1,1,4.2,
HH00318,2026-03-02,EN08,9,90.4,0,1,1,3.6,
HH00319,2026-03-26,EN11,8,74.8,0,0,1,2.6,
HH00320,2026-03-11,EN15,7,77.8,1,1,0,2.1,
HH00321,2026-03-10,EN10,5,69.4,1,1,1,2.7,
HH00322,2026-04-09,EN07,10,55.9,0,0,1,1.9,
HH00323,2026-03-03,EN05,7,91.2,1,1,1,2.8,
HH00324,2026-04-13,EN03,9,83.3,1,1,1,4.7,
HH00325,2026-04-10,EN07,11,71.1,1,0,1,1.9,
HH00328,2026-03-10,EN16,4,82.7,1,1,1,4.3,
HH00329,2026-04-02,EN12,4,100,1,1,1,2.3,
HH00330,2026-04-10,EN03,11,69.4,0,0,0,5,
HH00331,2026-04-05,EN14,12,65.1,1,0,0,3.5,
HH00332,2026-03-24,EN04,9,68.4,0,0,1,1.9,
HH00334,2026-03-03,EN08,8,72.3,1,1,1,4.0,
HH00335,2026-03-21,EN13,10,94.5,0,0,1,3.6,
HH00336,2026-03-12,EN14,7,71.9,1,0,0,2.2,
HH00337,2026-03-13,EN03,11,53.1,0,0,0,3.3,
HH00338,2026-04-08,EN10,7,75.3,1,1,0,3.8,
HH00339,2026-03-24,EN07,12,77.0,0,0,0,2.9,
HH00340,2026-03-15,EN03,8,79.6,0,1,0,5,
HH00341,2026-03-12,EN13,8,71.3,0,1,0,3.6,
HH00342,2026-03-10,EN01,4,54.4,0,1,1,3.8,
HH00343,2026-04-06,EN12,11,76.6,0,0,0,3.3,
HH00344,2026-03-08,EN01,8,64.2,0,1,0,3.0,
HH00345,2026-03-17,EN08,8,63.8,0,0,1,4.0,
HH00346,2026-03-10,EN07,8,74.5,0,1,1,3.5,
HH00347,2026-03-21,EN05,8,84.9,1,1,0,2.8,
HH00348,2026-03-04,EN16,7,77.7,0,1,0,5,
HH00349,2026-03-15,EN03,5,79.5,1,1,1,2.2,
HH00351,2026-03-25,EN02,12,61.0,1,1,1,3.2,
HH00352,2026-03-03,EN16,5,86.4,0,1,0,4.7,
HH00353,2026-03-20,EN08,8,89.7,1,0,1,1,
HH00354,2026-04-07,EN13,8,60.0,0,0,1,2.3,
HH00355,2026-04-11,EN13,9,97.2,0,1,0,3.5,
HH00356,2026-03-22,EN03,10,88.0,1,0,1,3.0,
HH00357,2026-03-08,EN04,7,73.2,0,1,1,3.5,
HH00358,2026-03-07,EN10,5,73.2,0,0,1,3.2,
HH00359,2026-03-24,EN15,6,62.0,0,0,1,2.8,
HH00360,2026-03-29,EN13,7,69.1,1,1,0,4.3,
HH00361,2026-04-08,EN15,5,83.0,1,1,0,3.9,
HH00362,2026-04-07,EN11,4,73.3,0,1,1,2.8,
HH00363,2026-03-06,EN04,7,84.1,1,1,1,2.6,
HH00364,2026-03-16,EN06,6,69.8,1,1,1,3.5,
HH00365,2026-03-24,EN04,0,65.2,1,1,1,4.2,
HH00366,2026-03-14,EN07,7,72.4,1,0,0,1,
HH00367,2026-03-14,EN03,10,87.0,1,1,1,2.6,
HH00368,2026-03-05,EN04,5,73.3,0,1,1,5,
HH00369,2026-04-12,EN10,5,85.4,0,0,1,2.9,
HH00370,2026-03-08,EN04,5,65.8,0,1,0,3.4,
HH00372,2026-04-14,EN14,10,64.0,0,0,0,2.5,
HH00373,2026-03-26,EN02,10,75.4,0,1,0,2.0,
HH00374,2026-03-01,EN02,11,68.3,0,1,1,2.5,
HH00376,2026-04-10,EN13,10,78.2,0,0,0,2.2,
HH00377,2026-03-17,EN11,11,94.3,0,1,0,4.1,
HH00378,2026-04-11,EN05,9,70.2,1,1,0,2.4,
HH00379,2026-03-11,EN15,6,75.0,1,1,0,4.4,
HH00380,2026-04-09,EN04,7,84.2,0,0,1,3.2,
HH00381,2026-03-02,EN14,6,95.5,0,1,1,4.5,
HH00382,2026-04-02,EN09,10,84.9,0,1,0,4.2,
HH00383,2026-03-05,EN15,8,84.4,0,1,0,4.2,
HH00384,2026-03-26,EN10,9,97.2,0,1,1,4.7,
HH00385,2026-04-09,EN02,5,85.3,1,0,0,2.0,
HH00386,2026-04-13,EN09,8,71.1,0,1,0,3.5,
HH00387,2026-04-13,EN08,7,72.8,0,0,1,3.1,
HH00388,2026-03-27,EN04,4,76.7,1,1,1,4.8,
HH00389,2026-03-05,EN14,11,77.6,1,1,0,2.8,
HH00390,2026-03-19,EN03,7,94.6,1,0,1,2.6,
HH00391,2026-04-13,EN02,8,97.6,1,1,1,4.8,
HH00392,2026-04-12,EN16,9,85.3,0,1,1,2.8,
HH00393,2026-03-04,EN01,10,51.3,0,0,0,1.9,
HH00394,2026-04-01,EN03,9,86.6,0,1,1,3.2,
HH00396,2026-03-17,EN11,10,63.5,0,1,0,3.6,
HH00397,2026-03-13,EN14,6,71.6,0,1,0,4.5,
HH00398,2026-04-01,EN04,8,53.6,1,0,0,3.3,
HH00399,2026-04-03,EN11,5,70.2,1,1,0,3.7,
HH00400,2026-03-13,EN06,8,60.7,1,1,0,4.8,
HH00401,2026-03-18,EN02,11,90.6,1,0,0,2.7,
HH00402,2026-03-17,EN01,6,87.7,0,1,1,4.1,
HH00403,2026-03-30,EN12,8,78.4,0,1,1,4.3,
HH00404,2026-04-06,EN10,5,99.0,1,1,0,3.6,
HH00405,2026-04-03,EN04,7,86.5,0,1,1,4.4,
HH00406,2026-03-16,EN13,11,77.8,1,1,1,5,
HH00407,2026-03-11,EN09,7,71.1,1,0,0,4.0,
HH00408,2026-03-24,EN10,6,63.3,0,0,1,2.3,
HH00409,2026-03-23,EN16,11,60.9,0,0,1,3.9,
HH00410,2026-03-14,EN06,11,86.3,1,1,0,2.9,
HH00411,2026-03-12,EN15,4,74.5,0,1,1,5,
HH00412,2026-03-13,EN13,5,81.1,0,1,0,4.9,
HH00413,2026-03-07,EN01,6,68.1,1,1,1,1.6,
HH00414,2026-04-07,EN05,6,86.3,0,0,0,1.5,
HH00415,2026-04-12,EN13,5,80.1,1,1,0,4.7,
HH00416,2026-04-05,EN10,8,67.5,0,1,1,3.5,
HH00417,2026-04-04,EN04,5,72.4,1,1,1,5,
HH00418,2026-03-19,EN12,5,88.6,0,1,1,4.8,
HH00419,2026-03-03,EN13,5,69.3,1,1,1,1,
HH00420,2026-04-10,EN04,9,85.4,1,1,1,4.6,
HH00421,2026-03-26,EN04,6,67.3,0,1,1,4.6,
HH00422,2026-04-11,EN03,6,60.4,0,0,0,3.4,
HH00423,2026-03-05,EN08,11,73.3,1,0,1,1.9,
HH00425,2026-03-23,EN09,5,92.4,1,1,0,3.5,
HH00426,2026-03-20,EN11,5,60.7,0,1,1,4.4,
HH00427,2026-04-06,EN08,9,80.0,1,1,0,4.2,
HH00428,2026-03-08,EN10,9,73.0,0,0,0,2.7,
HH00429,2026-03-31,EN10,5,74.0,1,1,0,4.9,
HH00430,2026-03-15,EN14,5,87.5,1,1,0,3.2,
HH00431,2026-03-15,EN13,10,87.0,0,0,0,2.5,
HH00432,2026-03-04,EN06,10,82.9,1,0,0,4.0,
HH00434,2026-04-06,EN05,11,72.8,1,0,0,2.9,
HH00435,2026-03-22,EN13,6,63.5,0,1,1,5,
HH00436,2026-04-02,EN03,9,78.8,1,1,1,3.7,
HH00437,2026-03-07,EN16,3,79.8,0,0,0,2.9,
HH00438,2026-03-18,EN05,1,66.5,1,1,0,4.6,
HH00439,2026-03-14,EN14,5,70.1,1,0,1,3.6,
HH00440,2026-03-14,EN04,5,69.3,1,1,0,4.1,
HH00441,2026-03-11,EN12,10,76.9,1,0,1,3.9,
HH00442,2026-04-01,EN13,7,76.6,0,0,1,3.2,
HH00443,2026-04-14,EN08,4,81.4,0,1,1,5,
HH00444,2026-04-14,EN08,8,83.3,0,0,1,3.3,
HH00445,2026-03-30,EN13,2,70.0,0,1,1,3.4,
HH00446,2026-03-16,EN06,12,86.1,1,0,0,2.4,
HH00447,2026-03-05,EN09,11,93.5,0,1,1,5,
HH00448,2026-03-15,EN16,7,76.6,1,1,0,3.3,
HH00450,2026-03-20,EN11,12,66.7,0,0,0,3.6,
HH00451,2026-04-10,EN05,12,83.4,1,1,1,4.3,
HH00452,2026-03-07,EN13,10,76.5,1,1,1,5,
HH00453,2026-03-19,EN15,8,69.6,1,0,0,3.0,
HH00454,2026-04-10,EN15,12,66.3,0,0,1,3.2,
HH00455,2026-03-06,EN11,7,93.1,0,1,1,2.2,
HH00456,2026-04-04,EN13,9,60.6,0,0,1,4.0,
HH00457,2026-03-22,EN01,10,83.2,0,1,1,4.1,
HH00458,2026-03-11,EN16,4,66.1,1,1,1,1.3,
HH00459,2026-03-17,EN01,12,97.1,0,0,0,3.8,
HH00460,2026-03-29,EN04,11,74.6,0,0,0,2.2,
HH00461,2026-03-11,EN11,6,81.5,1,1,1,3.6,
HH00462,2026-04-08,EN11,5,54.8,0,1,0,3.3,
HH00464,2026-03-08,EN16,10,90.1,1,1,1,4.3,
HH00465,2026-04-03,EN13,7,89.0,0,0,1,4.9,
HH00466,2026-04-09,EN14,7,81.2,0,1,0,3.3,
HH00467,2026-04-13,EN15,5,67.8,1,1,0,4.8,
HH00468,2026-03-10,EN09,8,78.9,0,1,1,5,
HH00469,2026-04-05,EN08,7,95.3,0,1,1,4.5,
HH00470,2026-03-24,EN11,12,70.8,0,0,0,3.0,
HH00471,2026-03-30,EN15,8,84.9,0,1,0,4.5,
HH00472,2026-03-10,EN04,9,90.9,0,1,1,3.5,
HH00473,2026-03-23,EN01,12,75.4,0,1,1,3.0,
HH00474,2026-04-13,EN02,8,69.1,0,1,1,4.0,
HH00475,2026-03-30,EN06,5,77.6,0,0,1,4.0,
HH00476,2026-04-12,EN13,7,80.9,0,1,1,3.8,
HH00477,2026-04-03,EN12,12,69.3,0,0,0,2.0,
HH00478,2026-03-02,EN05,5,91.9,0,1,0,4.2,
HH00479,2026-03-23,EN05,9,84.8,1,1,1,3.5,
HH00480,2026-03-25,EN07,12,73.9,0,1,0,4.1,
HH00481,2026-03-15,EN06,9,75.0,0,0,0,4.3,
HH00482,2026-03-09,EN06,5,78.0,1,1,1,4.0,
HH00483,2026-03-11,EN10,7,59.3,0,0,0,1.2,
HH00484,2026-03-03,EN01,8,58.9,0,1,1,4.4,
HH00485,2026-04-05,EN16,9,94.4,0,1,0,2.1,
HH00486,2026-03-03,EN08,7,74.2,1,0,1,3.1,
HH00487,2026-03-11,EN03,7,99.9,0,1,1,3.6,
HH00488,2026-03-03,EN16,4,83.2,0,1,0,3.6,
HH00489,2026-03-27,EN09,4,75.9,0,1,1,4.9,
HH00490,2026-03-06,EN03,9,99.5,0,1,0,3.2,
HH00491,2026-03-16,EN15,10,83.8,1,1,1,3.2,
HH00492,2026-04-09,EN04,12,75.0,0,0,1,3.1,
HH00493,2026-04-09,EN11,6,56.0,0,1,1,3.3,
HH00494,2026-04-07,EN16,7,68.5,0,1,0,4.6,
HH00495,2026-04-06,EN05,10,75.0,0,0,1,2.8,
HH00496,2026-03-02,EN10,8,73.3,1,0,1,3.0,
HH00497,2026-03-08,EN03,8,71.4,0,1,1,4.4,
HH00498,2026-04-13,EN10,3,69.3,1,0,0,2.8,
HH00499,2026-04-08,EN07,7,91.3,1,1,1,2.4,
HH00500,2026-03-07,EN10,6,71.2,1,0,1,2.7,
HH00501,2026-04-07,EN13,7,71.2,0,0,1,3.2,
HH00502,2026-04-09,EN01,7,77.2,1,1,1,1.6,
HH00503,2026-04-04,EN11,6,73.5,0,1,1,3.4,
HH00504,2026-03-18,EN14,10,85.4,0,1,1,3.9,
HH00505,2026-03-22,EN08,5,70.6,0,1,1,2.9,
HH00506,2026-04-10,EN06,5,88.4,1,1,0,2.7,
HH00507,2026-04-14,EN06,5,88.8,1,1,1,3.5,
HH00508,2026-03-10,EN02,8,65.3,0,0,1,4.1,
HH00509,2026-03-06,EN14,10,73.8,1,1,1,4.6,
HH00510,2026-03-25,EN04,6,84.9,0,1,0,5,
HH00511,2026-03-05,EN09,4,73.1,0,1,1,4.2,
HH00512,2026-03-03,EN01,7,74.8,0,1,1,4.5,
HH00513,2026-03-19,EN06,5,85.2,0,0,0,2.4,
HH00514,2026-03-10,EN11,7,86.3,1,1,0,3.6,
HH00515,2026-04-03,EN02,4,72.6,0,0,0,1.4,
HH00516,2026-03-03,EN04,3,77.9,1,1,1,3.1,
HH00517,2026-03-28,EN11,5,66.9,0,1,0,3.9,
HH00518,2026-03-26,EN13,4,96.2,0,1,0,4.2,
HH00519,2026-03-05,EN11,6,87.0,1,1,1,4.7,
HH00520,2026-03-14,EN07,2,77.7,0,1,1,3.5,
HH00521,2026-03-31,EN02,7,82.9,0,1,1,3.6,
HH00522,2026-03-16,EN09,2,49.7,1,1,0,4.6,
HH00523,2026-03-21,EN12,5,59.2,1,1,1,3.8,
HH00524,2026-04-01,EN11,5,68.9,1,1,1,3.2,
HH00525,2026-03-17,EN16,4,76.5,1,1,0,2.7,
HH00526,2026-03-19,EN05,6,71.0,1,1,1,2.4,
HH00527,2026-03-15,EN09,12,63.5,0,0,0,3.5,
HH00528,2026-03-30,EN01,6,86.1,0,1,1,2.5,
HH00529,2026-04-05,EN04,2,93.1,1,0,1,3.2,
HH00530,2026-03-26,EN13,6,70.6,1,1,0,2.5,
HH00531,2026-03-14,EN02,4,82.9,0,1,1,2.7,
HH00532,2026-03-30,EN03,12,84.7,1,0,0,1.1,
HH00533,2026-03-27,EN02,10,83.6,0,1,0,4.1,
HH00534,2026-03-02,EN01,5,82.7,0,1,0,4.8,
HH00535,2026-04-05,EN10,9,63.6,1,1,1,2.6,
HH00536,2026-04-05,EN12,9,77.7,1,0,1,2.9,
HH00537,2026-04-01,EN03,4,87.2,0,1,0,4.0,
HH00538,2026-03-16,EN11,8,69.8,0,0,1,2.9,
HH00539,2026-03-09,EN09,8,76.5,1,0,1,3.9,
HH00540,2026-03-16,EN07,8,73.7,0,1,1,3.8,
HH00541,2026-04-05,EN06,7,85.5,0,1,1,3.7,
HH00542,2026-04-11,EN05,11,77.6,0,1,1,2.3,
HH00543,2026-03-24,EN06,5,87.4,0,1,1,2.2,
HH00544,2026-04-11,EN08,7,76.7,1,1,1,2.3,
HH00545,2026-03-27,EN15,2,87.2,1,1,1,3.9,
HH00546,2026-03-31,EN03,9,65.0,1,1,1,4.2,
HH00547,2026-03-16,EN14,7,85.0,1,1,1,3.9,
HH00548,2026-04-03,EN11,6,48.1,0,0,0,2.9,
HH00549,2026-04-02,EN10,9,71.1,1,0,1,2.2,
HH00550,2026-03-14,EN04,7,65.2,0,0,0,1,
HH00551,2026-03-29,EN08,11,74.7,0,0,0,3.5,
HH00552,2026-04-11,EN09,6,79.2,0,0,1,2.5,
HH00553,2026-04-09,EN03,5,75.5,1,0,0,3.2,
HH00554,2026-03-01,EN16,4,79.4,1,1,1,3.8,
HH00555,2026-03-16,EN08,6,73.9,0,1,0,3.2,
HH00556,2026-04-13,EN13,6,83.3,0,1,1,3.6,
HH00557,2026-03-21,EN07,9,80.4,1,1,0,4.0,
HH00558,2026-03-10,EN04,10,82.3,1,0,1,3.2,
HH00559,2026-03-09,EN10,9,67.5,0,1,1,4.0,
HH00560,2026-03-21,EN12,6,81.4,0,1,1,3.5,
HH00561,2026-03-26,EN05,6,65.1,0,1,1,3.3,
HH00563,2026-03-08,EN12,7,75.3,1,0,0,2.1,
HH00565,2026-04-02,EN13,10,70.3,0,0,0,2.7,
HH00566,2026-03-10,EN10,8,90.9,1,1,1,4.5,
HH00567,2026-03-06,EN07,3,66.5,1,1,1,5,
HH00568,2026-03-09,EN06,7,78.9,0,0,0,2.9,
HH00569,2026-03-25,EN06,11,73.3,1,1,1,4.7,
HH00570,2026-03-08,EN10,7,79.1,1,1,1,4.8,
HH00571,2026-03-30,EN05,6,74.7,0,1,1,5,
HH00572,2026-04-01,EN02,8,78.7,1,1,0,4.6,
HH00573,2026-03-05,EN08,7,62.0,0,0,1,3.5,
HH00574,2026-03-16,EN11,5,95.5,0,0,0,3.1,
HH00575,2026-03-05,EN04,10,70.3,0,0,0,1,
HH00576,2026-03-04,EN05,7,80.1,1,1,0,5,
HH00577,2026-03-25,EN09,8,83.2,1,0,1,3.2,
HH00578,2026-03-23,EN01,4,82.5,0,1,1,4.3,
HH00579,2026-03-26,EN12,10,86.4,1,1,1,3.1,
HH00580,2026-03-04,EN12,5,79.8,0,0,0,4.4,
HH00581,2026-04-12,EN10,12,91.8,0,1,0,3.4,
HH00582,2026-04-03,EN12,6,71.1,0,1,0,2.6,
HH00583,2026-03-24,EN11,4,89.9,0,1,1,5,
HH00584,2026-03-19,EN04,7,80.8,0,0,1,2.7,
HH00585,2026-03-21,EN04,2,81.1,1,1,0,4.1,
HH00586,2026-04-03,EN16,7,82.2,0,1,0,3.0,
HH00587,2026-03-02,EN06,6,72.4,0,0,0,3.5,
HH00589,2026-03-01,EN11,4,88.9,0,1,1,2.7,
HH00590,2026-03-06,EN04,6,68.9,1,1,0,4.8,
HH00591,2026-03-12,EN12,10,84.6,0,0,0,3.4,
HH00592,2026-03-16,EN07,6,58.3,1,0,0,3.8,
HH00593,2026-04-07,EN07,8,91.9,1,1,0,3.3,
HH00594,2026-03-10,EN12,8,60.2,0,1,1,4.9,
HH00597,2026-03-28,EN08,11,66.2,1,1,1,3.2,
HH00598,2026-03-15,EN15,9,91.2,0,1,1,1.1,
HH00599,2026-03-18,EN05,5,74.4,0,1,0,5,
HH00600,2026-03-18,EN07,10,78.5,1,0,0,3.1,
HH00601,2026-04-04,EN11,11,63.1,0,0,1,2.4,
HH00602,2026-03-13,EN11,10,79.5,0,0,0,2.5,
HH00603,2026-03-30,EN03,9,87.6,0,1,0,4.2,
HH00604,2026-03-11,EN01,7,74.0,0,1,1,2.1,
HH00605,2026-04-02,EN13,7,78.3,0,1,1,3.4,
HH00606,2026-03-11,EN13,10,85.6,0,1,0,3.7,
HH00607,2026-03-25,EN07,10,82.5,0,1,1,4.6,
HH00608,2026-04-11,EN13,6,77.2,0,1,1,3.3,
HH00609,2026-03-24,EN15,7,69.6,1,0,1,2.2,
HH00611,2026-03-10,EN16,12,67.9,0,0,1,3.9,
HH00612,2026-03-12,EN03,6,81.5,1,1,1,2.2,
HH00613,2026-03-22,EN14,7,93.0,1,1,1,2.8,
HH00614,2026-03-14,EN14,6,95.4,1,1,1,4.0,
HH00615,2026-03-16,EN03,12,63.9,0,0,0,2.8,
HH00616,2026-03-16,EN01,12,66.1,0,1,0,5,
HH00617,2026-03-03,EN05,7,62.1,0,1,1,3.7,
HH00618,2026-03-28,EN01,4,92.9,0,1,1,4.7,
HH00619,2026-04-08,EN13,6,70.8,0,1,0,4.3,
HH00620,2026-03-16,EN08,9,75.0,1,1,0,4.1,
HH00621,2026-04-02,EN05,9,75.7,1,0,1,3.6,
HH00622,2026-03-29,EN03,11,75.0,0,0,1,2.9,
HH00623,2026-03-13,EN06,8,78.2,0,0,1,3.5,
HH00625,2026-04-02,EN06,10,78.3,1,0,0,3.4,
HH00626,2026-03-10,EN07,10,73.9,0,0,1,3.1,
HH00627,2026-04-06,EN09,7,87.7,0,0,1,3.2,
HH00628,2026-03-02,EN03,12,61.8,1,0,1,1.5,
HH00630,2026-03-20,EN16,9,46.3,1,0,0,1.9,
HH00631,2026-03-05,EN06,8,93.8,0,1,1,4.4,
HH00632,2026-03-06,EN05,11,82.0,1,0,0,2.7,
HH00633,2026-03-05,EN04,4,69.0,0,1,1,3.9,
HH00634,2026-03-26,EN05,7,78.9,0,0,0,3.9,
HH00636,2026-03-06,EN04,7,76.9,1,0,0,2.1,
HH00637,2026-04-05,EN05,10,73.0,0,0,1,4.1,
HH00638,2026-03-14,EN10,6,76.9,1,1,0,4.6,
HH00639,2026-03-20,EN10,11,71.6,0,0,1,1.4,
HH00640,2026-03-30,EN08,7,81.2,0,0,1,2.3,
HH00641,2026-04-13,EN13,4,77.1,1,1,0,4.0,
HH00642,2026-04-04,EN03,8,54.0,0,0,0,2.8,
HH00643,2026-04-01,EN03,6,84.5,1,1,1,4.3,
HH00644,2026-03-18,EN04,10,77.1,0,0,0,3.0,
HH00645,2026-03-17,EN15,3,89.3,0,1,0,3.6,
HH00646,2026-04-13,EN14,4,71.6,0,1,1,3.4,
HH00647,2026-03-27,EN09,6,68.7,0,1,1,2.4,
HH00648,2026-03-20,EN09,8,81.0,0,1,1,3.1,
HH00649,2026-03-25,EN08,9,93.6,0,1,1,4.0,
HH00650,2026-04-06,EN12,9,90.7,0,1,1,1.9,
HH00651,2026-03-18,EN14,7,92.4,1,0,0,2.1,
HH00652,2026-03-30,EN13,9,78.0,1,0,0,2.9,
HH00653,2026-03-12,EN07,11,64.4,0,0,1,2.3,
HH00654,2026-04-08,EN02,9,65.2,0,1,0,3.0,
HH00655,2026-03-21,EN07,11,66.3,1,1,0,4.1,
HH00656,2026-03-28,EN12,4,78.9,1,1,1,3.6,
HH00657,2026-03-18,EN09,7,72.9,1,1,0,4.3,
HH00658,2026-03-28,EN12,10,69.0,1,0,1,3.2,
HH00659,2026-03-28,EN06,9,71.7,0,1,1,2.5,
HH00660,2026-03-04,EN04,6,100,0,1,0,3.0,
HH00661,2026-03-04,EN01,9,70.6,1,1,1,4.6,
HH00662,2026-03-28,EN11,7,100,0,1,1,3.4,
HH00663,2026-03-24,EN03,11,81.9,1,1,1,4.0,
HH00664,2026-03-14,EN05,10,88.2,1,1,0,5,
HH00665,2026-04-09,EN05,10,73.0,0,0,0,2.9,
HH00666,2026-03-07,EN13,3,70.2,1,1,0,3.9,
HH00667,2026-03-08,EN11,7,63.0,0,1,1,2.1,
HH00668,2026-03-15,EN09,10,80.5,0,0,1,3.9,
HH00669,2026-04-08,EN06,7,71.9,1,1,0,4.4,
HH00670,2026-04-07,EN13,7,79.7,1,1,1,4.9,
HH00671,2026-03-25,EN16,5,79.3,1,1,1,3.6,
HH00672,2026-03-27,EN03,10,64.0,1,0,1,3.9,
HH00673,2026-03-27,EN13,8,64.8,1,0,0,1.7,
HH00674,2026-03-04,EN09,4,76.8,0,1,0,4.2,
HH00675,2026-04-07,EN04,6,49.9,0,1,0,5,
HH00676,2026-03-21,EN07,7,83.3,0,0,1,3.5,
HH00677,2026-03-31,EN16,6,85.1,1,1,0,3.1,
HH00678,2026-03-26,EN12,4,67.4,1,1,0,3.5,
HH00679,2026-03-21,EN04,10,62.2,1,0,0,2.3,
HH00680,2026-03-13,EN04,4,59.1,1,0,0,2.7,
HH00681,2026-03-07,EN09,8,67.5,1,0,0,3.5,
HH00682,2026-04-14,EN09,10,70.0,0,1,0,4.7,
HH00684,2026-03-31,EN04,3,81.0,0,1,1,4.3,
HH00685,2026-03-03,EN10,7,82.2,1,1,1,3.7,
HH00686,2026-03-19,EN16,5,85.3,0,1,0,4.5,
HH00687,2026-04-12,EN11,11,61.7,0,0,0,4.0,
HH00688,2026-03-05,EN16,10,74.3,0,1,1,4.0,
HH00689,2026-04-01,EN03,6,55.6,1,1,1,3.8,
HH00690,2026-03-18,EN05,5,61.4,0,0,0,5,
HH00691,2026-03-24,EN14,8,74.1,0,1,0,3.0,
HH00692,2026-03-22,EN07,2,88.6,0,1,1,3.2,
HH00693,2026-03-02,EN10,10,68.9,0,0,0,3.2,
HH00695,2026-03-17,EN12,6,82.3,1,0,0,1.9,
HH00696,2026-03-06,EN08,6,63.5,1,1,0,3.1,
HH00697,2026-03-10,EN07,9,68.6,0,0,0,3.0,
HH00698,2026-03-03,EN04,4,76.4,1,0,0,3.9,
HH00699,2026-03-02,EN09,3,66.8,0,0,0,3.6,
HH00700,2026-03-18,EN04,10,98.1,0,1,1,4.1,
HH00701,2026-03-15,EN11,7,76.4,1,0,1,1.7,
HH00702,2026-04-13,EN08,8,85.7,0,1,1,5,
HH00703,2026-03-08,EN07,11,79.4,1,1,1,5,
HH00704,2026-03-10,EN06,6,75.0,0,1,1,3.1,
HH00705,2026-03-13,EN06,8,77.0,0,1,0,1.7,
HH00707,2026-03-07,EN07,3,83.3,0,0,0,2.3,
HH00708,2026-03-27,EN09,5,73.9,1,0,0,2.9,
HH00709,2026-03-13,EN13,6,83.3,1,1,1,4.0,
HH00710,2026-03-30,EN11,8,68.5,1,1,0,3.4,
HH00711,2026-03-19,EN12,8,67.7,1,1,0,3.0,
HH00712,2026-04-14,EN14,7,67.8,1,0,1,3.8,
HH00713,2026-04-01,EN11,4,71.5,0,1,1,3.2,
HH00715,2026-03-02,EN12,5,81.6,0,0,1,1.1,
HH00717,2026-04-10,EN01,7,85.2,1,1,1,3.0,
HH00718,2026-04-14,EN01,6,97.1,0,1,1,3.7,
HH00719,2026-03-18,EN15,9,70.6,1,0,1,2.6,
HH00720,2026-03-14,EN09,6,65.3,1,1,0,3.2,
HH00721,2026-03-06,EN03,3,56.6,0,1,0,5,
HH00722,2026-03-27,EN03,7,82.4,1,0,0,4.6,
HH00723,2026-03-16,EN06,7,69.6,0,1,0,4.3,
HH00724,2026-04-03,EN05,4,64.8,0,0,1,3.0,
HH00725,2026-04-03,EN07,6,83.2,1,1,0,4.0,
HH00726,2026-03-29,EN15,5,82.6,1,1,1,4.4,
HH00727,2026-03-31,EN13,8,74.8,1,1,1,3.9,
HH00728,2026-03-31,EN12,3,76.1,0,0,1,3.5,
HH00729,2026-03-31,EN09,4,73.3,1,1,1,4.5,
HH00730,2026-03-04,EN10,7,66.9,1,1,1,3.5,
HH00731,2026-04-04,EN06,5,59.9,0,1,1,4.8,
HH00732,2026-04-10,EN06,10,63.7,0,0,0,3.0,
HH00733,2026-03-27,EN09,12,79.3,0,0,1,3.3,
HH00734,2026-04-02,EN12,8,95.2,1,1,0,3.5,
HH00735,2026-03-02,EN10,4,72.7,0,1,1,3.5,
HH00736,2026-03-23,EN13,9,88.2,0,1,1,4.3,
HH00737,2026-04-05,EN13,10,97.9,0,1,1,2.0,
HH00738,2026-03-23,EN11,6,74.3,1,1,1,4.0,
HH00739,2026-04-03,EN09,9,82.7,1,0,0,3.7,
HH00740,2026-03-15,EN12,2,48.8,1,0,0,2.0,
HH00741,2026-04-03,EN02,3,88.2,0,1,0,3.9,
HH00742,2026-03-19,EN14,12,74.3,0,0,1,3.1,
HH00743,2026-03-01,EN10,9,88.6,0,1,1,5,
HH00744,2026-03-05,EN01,6,81.9,0,1,1,2.2,
HH00745,2026-03-05,EN13,6,93.2,0,1,1,4.8,
HH00746,2026-03-12,EN05,4,92.6,0,0,1,5,
HH00747,2026-03-26,EN06,6,68.5,1,1,1,4.0,
HH00748,2026-03-20,EN16,4,77.8,1,1,1,4.4,
HH00749,2026-04-06,EN14,9,58.5,1,1,0,3.9,
HH00750,2026-04-01,EN04,9,49.5,0,1,1,4.3,
HH00751,2026-03-17,EN04,7,46.2,0,0,1,3.3,
HH00752,2026-04-01,EN09,7,67.9,1,1,1,3.6,
HH00753,2026-03-06,EN16,6,84.9,0,1,0,3.0,
HH00754,2026-03-06,EN15,3,53.8,0,1,1,3.8,
HH00755,2026-04-09,EN12,9,78.1,1,0,0,3.4,
HH00756,2026-03-06,EN03,10,79.0,0,1,0,3.3,
HH00757,2026-03-04,EN12,3,76.0,0,1,1,4.6,
HH00758,2026-03-08,EN05,2,87.4,1,1,1,1.9,
HH00759,2026-04-04,EN13,8,67.8,0,1,0,3.6,
HH00760,2026-03-12,EN04,8,75.7,1,1,1,4.3,
HH00761,2026-04-07,EN16,9,71.4,0,0,1,2.9,
HH00762,2026-03-22,EN04,9,81.8,0,1,0,3.7,
HH00764,2026-03-12,EN14,10,69.2,1,0,1,2.7,
HH00765,2026-03-30,EN15,4,90.7,1,1,0,1.9,
HH00766,2026-03-05,EN14,8,52.0,0,1,0,4.8,
HH00767,2026-03-07,EN05,10,81.3,1,1,1,3.0,
HH00768,2026-03-13,EN14,10,70.9,0,0,0,4.5,
HH00769,2026-03-18,EN16,5,75.9,0,1,0,3.1,
HH00770,2026-03-13,EN14,6,65.7,1,1,0,4.8,
HH00771,2026-03-27,EN01,3,76.4,1,0,1,4.8,
HH00773,2026-03-13,EN09,5,91.5,1,1,1,4.1,
HH00775,2026-03-12,EN11,10,100,0,1,1,3.2,
HH00776,2026-04-03,EN15,6,73.1,1,0,0,3.2,
HH00777,2026-03-27,EN13,6,88.6,1,1,0,4.5,
HH00778,2026-03-05,EN11,7,69.5,1,1,0,4.3,
HH00779,2026-04-12,EN08,5,82.4,1,1,0,2.3,
HH00780,2026-04-05,EN04,7,87.7,0,1,1,3.1,
HH00781,2026-03-09,EN11,8,76.8,1,1,0,4.6,
HH00783,2026-03-15,EN04,7,83.7,1,0,1,2.5,
HH00785,2026-04-06,EN08,5,58.1,1,0,0,4.0,
HH00786,2026-04-01,EN01,6,86.5,0,0,0,3.6,
HH00787,2026-03-17,EN09,5,61.8,0,0,0,2.7,
HH00788,2026-04-08,EN08,10,50.9,0,0,1,2.6,
HH00790,2026-03-20,EN14,8,73.4,0,0,0,3.8,
HH00791,2026-03-21,EN07,9,80.7,0,0,0,3.5,
HH00792,2026-03-09,EN08,9,71.4,1,0,0,2.3,
HH00793,2026-04-14,EN15,10,72.1,1,0,0,5,
HH00795,2026-03-10,EN01,10,58.4,1,1,1,5,
HH00796,2026-03-25,EN01,8,75.1,0,0,0,3.8,
HH00797,2026-03-07,EN14,9,90.5,0,1,1,3.2,
HH00798,2026-03-30,EN04,1,74.9,1,0,1,2.7,
HH00799,2026-03-05,EN13,10,92.9,0,0,1,2.1,
HH00800,2026-03-15,EN05,6,85.6,0,1,0,2.2,
HH00802,2026-04-08,EN04,5,91.1,1,0,0,2.4,
HH00803,2026-04-03,EN11,6,74.3,0,1,1,3.6,
HH00804,2026-03-08,EN12,5,86.5,1,0,0,2.4,
HH00805,2026-03-24,EN13,12,64.6,0,1,0,2.9,
HH00806,2026-04-05,EN03,8,85.3,1,1,0,2.7,
HH00807,2026-03-25,EN12,7,87.3,0,0,0,2.4,
HH00808,2026-03-26,EN04,11,89.8,1,1,1,3.3,
HH00809,2026-03-01,EN01,8,69.3,0,1,0,4.0,
HH00810,2026-03-16,EN06,7,85.1,1,1,1,4.0,
HH00811,2026-03-25,EN02,9,96.1,0,0,1,2.9,
HH00812,2026-03-06,EN05,3,100,0,1,0,4.1,
HH00813,2026-03-11,EN06,11,72.4,0,0,1,3.2,
HH00814,2026-04-03,EN07,8,81.1,0,0,1,4.5,
HH00815,2026-03-06,EN09,10,83.1,0,1,1,4.1,
HH00816,2026-03-15,EN13,12,89.2,0,1,0,3.8,
HH00817,2026-03-21,EN14,6,86.9,1,1,0,3.5,
HH00818,2026-03-06,EN04,5,70.9,1,1,1,1.7,
HH00819,2026-03-04,EN15,9,73.8,0,0,0,3.0,
HH00820,2026-03-11,EN14,8,68.9,0,1,1,3.7,
HH00821,2026-03-30,EN02,9,74.6,1,1,0,3.1,
HH00822,2026-03-02,EN11,8,81.8,1,1,1,3.5,
HH00823,2026-03-10,EN11,11,83.7,1,0,1,3.1,
HH00824,2026-03-21,EN01,10,81.7,0,1,1,2.7,
HH00825,2026-04-05,EN14,5,66.9,0,0,1,3.1,
HH00828,2026-03-05,EN03,8,78.8,1,1,1,4.6,
HH00829,2026-04-12,EN02,7,56.6,1,0,1,3.1,
HH00830,2026-03-06,EN02,6,78.7,0,1,0,4.6,
HH00831,2026-04-13,EN04,7,71.9,1,1,1,3.6,
HH00832,2026-03-22,EN10,6,81.0,0,1,0,5,
HH00833,2026-04-01,EN15,7,71.7,1,1,1,4.3,
HH00834,2026-03-05,EN10,9,84.5,0,0,0,1.6,
HH00835,2026-04-14,EN13,4,87.5,0,1,0,3.3,
HH00836,2026-03-31,EN16,7,66.2,1,0,1,3.8,
HH00837,2026-03-11,EN06,7,61.2,0,0,1,3.0,
HH00838,2026-04-06,EN11,8,78.6,1,1,1,4.7,
HH00839,2026-03-24,EN13,12,92.9,0,1,0,4.6,
HH00840,2026-03-09,EN04,8,70.4,0,1,0,4.3,
HH00841,2026-03-18,EN16,4,75.5,1,1,0,2.2,
HH00842,2026-04-13,EN10,7,90.1,0,1,1,3.4,
HH00843,2026-03-02,EN16,12,84.1,0,0,0,3.7,
HH00844,2026-03-28,EN03,6,95.0,0,0,1,2.0,
HH00845,2026-04-05,EN02,12,83.5,0,1,0,3.9,
HH00846,2026-03-03,EN11,10,59.4,0,0,1,2.9,
HH00847,2026-03-18,EN14,12,82.9,0,0,1,1.7,
HH00848,2026-03-06,EN12,7,69.2,0,1,0,2.2,
HH00849,2026-04-13,EN10,9,76.5,1,1,0,4.3,
HH00850,2026-03-17,EN15,8,78.4,1,0,1,3.2,
HH00851,2026-03-15,EN04,9,71.3,1,0,0,2.7,
HH00852,2026-03-10,EN12,4,91.7,0,1,0,4.7,
HH00853,2026-03-24,EN06,8,83.0,0,1,1,2.1,
HH00854,2026-03-15,EN16,6,82.0,0,0,1,3.6,
HH00855,2026-03-31,EN03,5,75.9,1,1,0,2.6,
HH00856,2026-04-09,EN09,12,63.7,0,0,1,2.5,
HH00857,2026-04-08,EN04,10,69.3,1,0,0,2.7,
HH00858,2026-03-19,EN11,7,64.3,0,1,0,3.8,
HH00859,2026-04-12,EN07,11,65.5,0,1,1,2.9,
HH00860,2026-04-01,EN15,8,70.4,1,0,1,1.3,
HH00861,2026-03-31,EN08,7,80.5,0,1,1,2.3,
HH00862,2026-04-08,EN14,4,75.8,1,1,0,3.8,
HH00863,2026-04-13,EN03,11,74.7,1,1,0,2.7,
HH00864,2026-03-27,EN16,4,79.5,0,0,1,2.6,
HH00865,2026-04-09,EN09,9,65.3,0,0,1,3.5,
HH00866,2026-03-09,EN07,5,67.6,0,1,1,4.4,
HH00868,2026-03-28,EN07,6,73.0,0,1,0,2.5,
HH00869,2026-03-06,EN14,0,78.7,0,1,0,3.2,
HH00870,2026-03-24,EN08,7,74.0,0,1,0,4.4,
HH00871,2026-03-13,EN08,6,73.8,1,1,1,4.1,
HH00872,2026-03-06,EN16,7,66.3,0,0,0,3.9,
HH00873,2026-04-10,EN08,7,76.7,1,1,1,4.0,
HH00874,2026-04-09,EN03,4,85.3,0,1,1,4.6,
HH00875,2026-04-12,EN08,5,78.6,0,0,0,2.7,
HH00876,2026-03-07,EN09,3,53.6,1,1,1,4.0,
HH00877,2026-04-13,EN10,6,71.3,0,1,1,4.4,
HH00878,2026-03-04,EN06,7,85.7,0,1,1,3.6,
HH00879,2026-04-12,EN04,10,92.3,0,1,1,4.3,
HH00880,2026-03-17,EN02,11,96.0,1,1,0,4.7,
HH00881,2026-03-02,EN02,7,53.6,1,0,1,3.5,
HH00882,2026-03-25,EN10,8,64.3,0,1,0,5,
HH00883,2026-04-10,EN11,7,81.8,1,1,0,5,
HH00884,2026-03-02,EN10,4,83.3,1,1,0,3.6,
HH00885,2026-03-30,EN07,7,66.0,1,0,0,3.2,
HH00886,2026-03-04,EN08,8,64.6,0,0,1,5,
HH00887,2026-03-17,EN08,11,68.3,1,1,0,2.7,
HH00888,2026-04-03,EN01,4,72.5,0,1,0,2.6,
HH00889,2026-03-08,EN11,9,68.4,0,1,1,3.4,
HH00890,2026-03-20,EN12,5,73.4,0,1,1,4.1,
HH00891,2026-03-28,EN12,10,66.3,1,0,1,1.8,
HH00892,2026-03-02,EN13,12,70.3,1,0,1,1.7,
HH00893,2026-04-07,EN02,9,92.3,0,0,0,3.0,
HH00894,2026-04-06,EN04,10,67.9,1,1,1,4.7,
HH00895,2026-04-12,EN10,7,63.1,0,1,1,5,
HH00896,2026-03-15,EN11,7,66.2,1,1,0,3.5,
HH00897,2026-04-14,EN06,6,70.3,1,1,1,4.3,
HH00898,2026-03-10,EN07,12,67.2,1,0,1,4.5,
HH00899,2026-03-20,EN05,10,88.1,0,1,0,3.4,
HH00900,2026-04-01,EN13,6,53.0,0,1,1,2.9,
HH00901,2026-03-13,EN14,9,65.8,1,0,0,3.0,
HH00902,2026-04-14,EN11,4,86.1,1,1,0,4.0,
HH00903,2026-04-05,EN04,6,97.7,0,1,0,4.5,
HH00904,2026-04-11,EN14,9,65.5,0,1,0,5,
HH00905,2026-03-25,EN03,10,86.7,0,0,0,2.6,
HH00906,2026-04-10,EN04,4,81.9,0,1,1,3.5,
HH00907,2026-03-14,EN03,8,96.1,0,1,1,3.5,
HH00908,2026-04-06,EN13,5,81.4,1,1,0,2.8,
HH00909,2026-03-02,EN14,10,80.1,0,0,0,2.2,
HH00910,2026-03-31,EN03,9,74.8,0,1,1,3.3,
HH00912,2026-04-06,EN06,6,78.7,1,1,1,5,
HH00913,2026-03-28,EN15,5,88.1,0,1,1,2.1,
HH00914,2026-03-25,EN14,5,65.0,0,1,0,3.8,
HH00915,2026-03-21,EN13,10,80.3,0,0,1,2.9,
HH00916,2026-03-20,EN12,8,57.2,1,0,0,3.8,
HH00917,2026-03-18,EN04,7,94.9,1,0,0,3.1,
HH00918,2026-03-27,EN16,2,93.7,1,1,1,4.8,
HH00919,2026-04-07,EN05,10,86.2,1,0,1,2.3,
HH00920,2026-04-13,EN16,9,72.0,0,1,0,5,
HH00921,2026-03-31,EN02,5,73.3,0,1,0,3.7,
HH00922,2026-03-21,EN04,6,68.8,1,1,0,4.5,
HH00923,2026-03-28,EN08,8,90.8,1,0,1,2.6,
HH00924,2026-04-06,EN15,3,66.7,1,1,0,3.0,
HH00925,2026-03-08,EN10,7,75.3,1,1,1,3.8,
HH00926,2026-03-09,EN09,7,71.2,0,1,0,3.9,
HH00927,2026-03-07,EN01,6,76.3,1,1,1,5,
HH00928,2026-04-05,EN04,3,75.8,0,1,1,3.2,
HH00929,2026-03-10,EN05,12,64.9,1,1,1,2.8,
HH00930,2026-03-09,EN03,6,81.0,0,0,1,3.8,
HH00931,2026-03-26,EN03,8,73.0,1,1,1,2.5,
HH00932,2026-03-06,EN11,5,96.1,1,1,0,4.3,
HH00933,2026-03-16,EN15,5,79.6,0,0,0,2.2,
HH00934,2026-03-24,EN12,11,73.9,1,1,0,4.0,
HH00936,2026-03-20,EN01,10,76.7,0,0,1,2.6,
HH00937,2026-03-23,EN10,9,80.4,0,1,0,2.5,
HH00938,2026-03-01,EN13,11,71.7,0,0,1,2.0,
HH00939,2026-03-05,EN16,5,76.5,1,1,0,2.1,
HH00940,2026-04-05,EN16,5,83.7,0,1,1,3.1,
HH00941,2026-04-13,EN05,6,68.2,1,1,1,4.2,
HH00942,2026-04-07,EN07,6,88.6,0,0,0,1.7,
HH00943,2026-04-02,EN15,7,81.9,1,1,0,4.8,
HH00944,2026-03-08,EN07,7,62.3,1,0,0,5,
HH00946,2026-03-19,EN07,7,77.1,1,1,0,3.0,
HH00947,2026-03-08,EN02,4,96.7,1,1,1,2.8,
HH00948,2026-04-12,EN09,9,83.3,1,1,1,4.9,
HH00949,2026-03-14,EN13,5,75.6,0,1,1,4.7,
HH00950,2026-04-01,EN12,6,63.1,0,0,0,3.0,
HH00951,2026-03-05,EN15,9,90.0,0,0,0,2.6,
HH00953,2026-03-22,EN02,8,87.9,1,1,1,3.8,
HH00954,2026-03-11,EN15,5,80.7,0,1,0,3.4,
HH00955,2026-04-14,EN13,5,60.5,1,1,1,4.1,
HH00956,2026-04-11,EN02,8,77.0,1,1,0,4.3,
HH00957,2026-04-06,EN05,7,59.4,0,1,1,4.5,
HH00958,2026-03-24,EN08,9,100,0,1,0,5,
HH00959,2026-03-13,EN14,5,61.0,1,0,1,3.5,
HH00960,2026-03-22,EN06,11,83.8,0,0,0,1.2,
HH00961,2026-04-02,EN06,4,64.1,1,1,1,4.5,
HH00962,2026-04-14,EN04,6,66.0,0,1,0,2.1,
HH00963,2026-04-12,EN02,2,88.6,1,1,0,5,
HH00964,2026-04-05,EN05,4,78.3,0,1,1,4.7,
HH00965,2026-03-25,EN07,7,72.1,0,1,1,3.2,
HH00967,2026-03-03,EN11,6,67.7,1,0,1,2.7,
HH00968,2026-03-26,EN12,9,78.9,0,1,1,3.2,
HH00969,2026-03-13,EN07,6,82.8,0,1,1,4.1,
HH00970,2026-04-03,EN11,10,65.9,0,0,1,4.2,
HH00971,2026-04-11,EN11,7,84.7,1,1,1,5,
HH00972,2026-04-10,EN02,6,62.6,0,1,1,3.9,
HH00973,2026-03-20,EN06,8,81.4,0,0,1,3.0,
HH00974,2026-04-08,EN14,5,82.4,0,1,0,3.0,
HH00975,2026-03-24,EN08,8,81.0,0,1,0,3.0,
HH00976,2026-04-04,EN15,9,100,1,0,1,3.2,
HH00977,2026-03-25,EN10,6,82.2,0,0,0,2.5,
HH00978,2026-04-04,EN16,9,90.0,1,1,0,4.0,
HH00979,2026-04-01,EN04,12,91.0,0,1,0,4.1,
HH00980,2026-03-23,EN14,6,66.0,0,1,0,3.5,
HH00981,2026-03-29,EN14,6,50.5,0,0,1,3.2,
HH00982,2026-03-09,EN02,12,59.4,0,0,0,2.4,
HH00983,2026-04-07,EN16,7,82.7,1,0,1,3.3,
HH00984,2026-03-03,EN16,8,63.8,0,0,1,2.8,
HH00985,2026-04-12,EN03,10,74.4,1,0,1,2.2,
HH00986,2026-04-04,EN15,9,79.9,1,0,0,4.0,
HH00987,2026-03-03,EN03,7,82.4,0,1,1,4.5,
HH00988,2026-04-04,EN10,5,75.9,1,1,1,3.0,
HH00990,2026-03-17,EN10,5,65.5,0,0,0,3.8,
HH00992,2026-03-27,EN09,5,78.0,1,0,1,3.1,
HH00993,2026-03-01,EN02,5,64.4,1,0,0,4.2,
HH00994,2026-03-27,EN06,10,90.7,0,1,1,2.3,
HH00995,2026-03-30,EN11,6,73.7,1,1,0,4.2,
HH00996,2026-04-13,EN07,8,90.4,1,0,0,1.9,
HH00997,2026-03-29,EN11,12,61.9,0,0,0,3.3,
HH00998,2026-03-08,EN12,8,88.3,0,1,1,2.5,
HH00999,2026-03-21,EN10,11,66.5,0,0,1,2.3,
HH01000,2026-03-30,EN08,8,75.8,0,0,0,2.2,
HH01001,2026-03-04,EN04,8,58.4,0,0,0,3.3,
HH01002,2026-03-10,EN06,11,75.3,1,1,0,4.2,
HH01003,2026-03-30,EN16,5,88.6,1,1,1,4.3,
HH01004,2026-03-31,EN07,12,68.9,0,1,1,2.9,
HH01005,2026-03-09,EN11,11,92.7,1,1,0,4.7,
HH01006,2026-03-27,EN12,10,57.5,0,0,1,3.0,
HH01007,2026-03-14,EN16,7,85.0,1,1,1,2.6,
HH01008,2026-03-11,EN14,5,85.7,0,1,0,3.5,
HH01009,2026-03-06,EN05,7,59.9,0,0,1,3.0,
HH01010,2026-03-18,EN13,7,53.3,1,0,0,1.7,
HH01011,2026-03-28,EN03,9,84.2,1,1,0,3.9,
HH01012,2026-04-08,EN12,11,90.2,1,1,1,4.0,
HH01013,2026-03-04,EN04,5,89.4,1,1,0,3.8,
HH01014,2026-03-28,EN02,6,94.6,0,1,1,2.7,
HH01015,2026-04-05,EN08,7,85.2,0,1,0,2.7,
HH01016,2026-04-09,EN04,11,66.9,0,1,0,4.2,
HH01017,2026-04-03,EN09,12,81.3,1,1,1,4.6,
HH01018,2026-03-24,EN07,9,75.1,0,1,1,2.1,
HH01019,2026-03-09,EN09,12,90.2,0,0,1,1.4,
HH01020,2026-03-24,EN01,12,71.6,0,0,0,3.2,
HH01021,2026-03-30,EN16,0,76.4,0,1,0,3.9,
HH01022,2026-04-07,EN07,6,77.9,1,1,1,3.0,
HH01023,2026-03-26,EN04,7,94.7,0,1,1,4.3,
HH01024,2026-03-30,EN04,10,72.3,1,1,0,4.9,
HH01025,2026-03-31,EN11,7,73.0,0,1,0,4.3,
HH01026,2026-03-31,EN09,5,89.1,1,1,1,4.2,
HH01027,2026-03-15,EN08,7,76.2,0,0,1,2.7,
HH01028,2026-03-27,EN08,7,66.6,0,0,1,2.3,
HH01029,2026-04-01,EN06,8,82.5,1,1,0,3.3,
HH01030,2026-04-03,EN14,10,88.0,0,0,0,2.1,
HH01031,2026-04-13,EN04,1,76.0,0,1,0,2.5,
HH01032,2026-03-10,EN11,6,76.8,1,1,1,4.2,
HH01033,2026-03-15,EN10,5,93.5,0,0,0,2.8,
HH01034,2026-03-17,EN02,10,66.4,0,1,1,3.0,
HH01035,2026-04-12,EN02,4,71.3,0,1,1,2.5,
HH01036,2026-04-05,EN11,5,76.8,0,0,1,3.3,
HH01037,2026-03-16,EN09,12,82.2,0,0,0,3.8,
HH01038,2026-04-01,EN08,8,88.4,1,1,1,3.5,
HH01039,2026-04-09,EN07,12,81.4,0,0,0,4.3,
HH01040,2026-03-18,EN01,7,91.5,0,1,0,2.9,
HH01041,2026-03-30,EN02,7,69.6,1,1,0,4.9,
HH01042,2026-04-10,EN07,12,79.3,1,0,1,3.9,
HH01043,2026-03-03,EN13,3,73.0,1,1,1,2.5,
HH01044,2026-04-14,EN11,9,66.3,0,1,1,3.0,
HH01045,2026-03-18,EN15,4,89.6,0,0,0,3.6,
HH01046,2026-03-05,EN10,5,84.3,0,0,0,2.6,
HH01047,2026-03-05,EN06,9,75.8,0,1,1,4.6,
HH01048,2026-03-08,EN13,8,68.4,1,0,0,4.7,
HH01050,2026-04-11,EN16,7,92.4,1,1,1,2.7,
HH01051,2026-03-15,EN02,5,75.2,0,1,0,5,
HH01052,2026-03-26,EN02,5,82.8,0,1,1,5,
HH01053,2026-03-07,EN06,4,81.5,0,0,1,2.6,
HH01054,2026-03-14,EN04,5,73.9,0,1,1,5,
HH01055,2026-03-18,EN02,6,73.9,0,1,1,3.7,
HH01056,2026-03-10,EN13,12,81.2,1,0,0,4.3,
HH01057,2026-03-04,EN14,11,73.0,0,0,1,3.3,
HH01058,2026-03-02,EN11,9,76.4,0,1,0,1.3,
HH01059,2026-03-19,EN07,8,64.1,0,0,1,2.8,
HH01060,2026-03-31,EN05,6,100,1,1,1,4.0,
HH01061,2026-03-17,EN16,11,81.2,1,1,0,4.6,
HH01062,2026-04-08,EN03,7,83.4,0,1,0,3.5,
HH01063,2026-03-19,EN05,5,91.1,1,1,0,3.9,
HH01064,2026-03-16,EN01,7,100,1,1,1,4.4,
HH01065,2026-03-02,EN02,4,76.2,1,1,0,3.5,
HH01066,2026-04-14,EN07,12,67.1,1,0,1,2.8,
HH01067,2026-04-11,EN16,7,71.4,0,0,0,2.3,
HH01068,2026-03-19,EN04,11,79.8,0,1,1,3.7,
HH01069,2026-03-02,EN03,8,72.9,1,0,1,4.7,
HH01070,2026-03-22,EN02,5,72.0,1,1,1,3.8,
HH01071,2026-03-17,EN03,9,64.4,1,0,0,3.9,
HH01072,2026-03-18,EN09,7,44.3,1,1,0,5,
HH01073,2026-04-07,EN08,3,61.2,0,0,1,4.3,
HH01074,2026-04-02,EN06,4,78.6,1,1,1,2.2,
HH01075,2026-03-05,EN03,5,75.2,1,1,1,3.1,
HH01076,2026-03-09,EN05,11,77.4,0,1,1,5,
HH01077,2026-03-03,EN05,8,83.7,0,1,1,3.4,
HH01078,2026-04-06,EN04,11,81.8,0,1,1,3.3,
HH01079,2026-03-29,EN05,6,96.5,1,0,0,2.5,
HH01080,2026-04-09,EN08,9,63.4,0,0,0,2.5,
HH01081,2026-03-10,EN03,12,66.9,0,1,1,4.0,
HH01082,2026-04-14,EN06,5,53.9,0,1,0,3.4,
HH01083,2026-03-15,EN09,10,72.7,1,1,0,3.5,
HH01084,2026-03-01,EN11,10,78.7,0,0,1,2.5,
HH01085,2026-04-10,EN15,4,78.9,1,0,1,4.0,
HH01086,2026-03-30,EN08,8,79.6,0,1,1,3.7,
HH01087,2026-04-10,EN04,8,94.7,0,0,0,2.5,
HH01088,2026-03-12,EN03,8,76.5,0,0,0,3.2,
HH01089,2026-03-21,EN04,10,79.4,0,0,0,3.4,
HH01090,2026-03-07,EN16,10,74.0,0,0,1,2.3,
HH01091,2026-03-20,EN15,6,67.2,1,1,0,2.8,
HH01092,2026-04-10,EN16,12,65.6,1,0,0,3.2,
HH01093,2026-03-28,EN03,7,63.6,1,0,1,2.7,
HH01094,2026-03-06,EN14,6,65.0,1,0,1,2.7,
HH01095,2026-04-11,EN14,11,79.6,0,1,1,4.5,
HH01097,2026-04-07,EN05,6,78.5,0,1,0,3.8,
HH01098,2026-03-14,EN06,10,69.2,1,1,0,2.9,
HH01099,2026-03-03,EN02,7,78.0,1,1,0,4.7,
HH01100,2026-03-25,EN01,4,91.7,1,1,0,5,
HH01101,2026-04-10,EN16,5,82.2,0,1,0,2.9,
HH01102,2026-03-31,EN09,7,55.5,1,1,0,3.2,
HH01104,2026-04-12,EN03,7,71.4,0,0,0,3.9,
HH01105,2026-03-21,EN04,10,72.8,1,1,1,2.1,
HH01106,2026-03-02,EN05,11,67.6,0,0,1,2.3,
HH01107,2026-03-19,EN10,11,82.6,0,0,1,4.1,
HH01108,2026-03-19,EN11,6,70.5,1,0,0,3.8,
HH01109,2026-03-29,EN12,5,81.6,1,1,1,3.5,
HH01110,2026-04-08,EN07,9,58.1,0,0,0,2.6,
HH01111,2026-04-02,EN05,9,76.5,0,1,1,3.6,
HH01112,2026-03-12,EN13,12,60.8,0,0,1,3.7,
HH01113,2026-03-18,EN03,4,75.0,1,1,0,3.7,
HH01115,2026-03-11,EN15,10,74.4,0,1,0,2.5,
HH01116,2026-03-01,EN01,6,69.4,1,1,1,3.8,
HH01117,2026-03-29,EN02,9,70.6,1,0,0,2.8,
HH01118,2026-03-02,EN06,4,84.7,1,1,1,3.3,
HH01119,2026-04-07,EN10,5,92.5,1,1,1,5,
HH01120,2026-03-26,EN06,6,93.5,1,1,1,2.4,
HH01121,2026-03-20,EN13,7,92.5,0,1,0,3.7,
HH01122,2026-03-17,EN12,12,54.5,0,0,0,4.7,
HH01123,2026-03-12,EN09,12,79.7,0,1,1,4.9,
HH01124,2026-03-30,EN01,12,78.2,1,0,0,1.4,
HH01125,2026-03-15,EN16,11,77.8,0,0,1,3.3,
HH01126,2026-03-11,EN15,10,65.9,0,0,0,3.8,
HH01128,2026-04-10,EN06,8,80.5,1,1,0,4.5,
HH01129,2026-03-11,EN13,6,68.8,1,0,1,1.7,
HH01130,2026-04-05,EN03,7,81.4,0,1,0,2.6,
HH01131,2026-03-14,EN11,9,67.6,1,1,1,3.4,
HH01132,2026-03-12,EN03,6,82.5,0,1,1,3.8,
HH01133,2026-04-04,EN11,9,77.5,0,0,1,3.1,
HH01134,2026-03-08,EN04,9,57.4,1,0,1,3.2,
HH01136,2026-03-30,EN06,8,82.7,0,1,0,3.7,
HH01137,2026-03-01,EN08,8,68.7,1,1,1,5,
HH01138,2026-03-08,EN08,9,44.8,1,1,1,4.4,
HH01139,2026-03-30,EN04,6,73.8,1,1,0,3.5,
HH01140,2026-03-26,EN08,3,65.9,1,0,0,3.1,
HH01141,2026-04-14,EN14,8,55.7,1,0,0,1.5,
HH01142,2026-03-10,EN04,4,77.4,1,1,0,3.1,
HH01143,2026-03-17,EN14,8,58.6,1,1,0,4.2,
HH01144,2026-03-08,EN11,8,87.2,0,1,0,2.5,
HH01145,2026-03-28,EN12,3,72.0,1,1,1,2.7,
HH01146,2026-03-22,EN02,7,93.3,0,1,1,3.9,
HH01147,2026-03-17,EN03,9,83.7,1,1,1,5,
HH01148,2026-03-15,EN03,5,82.0,1,0,0,1.6,
HH01149,2026-03-15,EN08,9,75.4,0,0,1,3.6,
HH01150,2026-03-01,EN12,4,66.9,0,1,0,3.3,
HH01151,2026-03-25,EN14,11,69.8,0,0,0,2.5,
HH01152,2026-04-02,EN05,6,65.8,0,1,0,5,
HH01153,2026-04-09,EN07,0,74.6,0,1,1,4.0,
HH01154,2026-03-26,EN04,8,83.3,1,1,1,5,
HH01155,2026-04-06,EN06,5,74.4,0,0,0,1,
HH01156,2026-03-10,EN07,12,69.6,0,0,1,3.3,
HH01157,2026-03-18,EN08,9,57.0,0,0,0,2.9,
HH01158,2026-04-08,EN03,4,76.6,0,1,0,2.2,
HH01159,2026-03-19,EN09,11,63.9,0,0,1,1.9,
HH01160,2026-03-04,EN14,9,78.8,0,1,1,5,
HH01161,2026-04-10,EN10,6,80.1,1,0,0,3.5,
HH01162,2026-04-12,EN13,9,91.4,1,1,1,4.1,
HH01163,2026-04-08,EN02,9,72.9,0,0,0,4.9,
HH01165,2026-03-13,EN04,6,71.1,1,1,1,3.4,
HH01166,2026-03-27,EN02,12,73.1,0,0,1,3.2,
HH01167,2026-03-21,EN07,1,86.1,0,1,0,3.9,
HH01168,2026-03-03,EN05,2,75.1,1,1,1,3.8,
HH01170,2026-03-22,EN10,9,75.9,0,0,1,2.5,
HH01172,2026-04-10,EN10,9,76.1,1,1,0,4.3,
HH01173,2026-03-08,EN11,8,80.3,0,1,1,5,
HH01174,2026-04-03,EN15,12,80.3,0,1,1,3.6,
HH01176,2026-04-13,EN07,8,59.2,1,1,0,3.9,
HH01177,2026-03-14,EN11,3,65.2,1,1,1,2.4,
HH01178,2026-03-15,EN05,0,78.8,0,1,1,4.6,
HH01179,2026-03-14,EN11,5,56.9,1,0,1,2.4,
HH01180,2026-03-18,EN08,9,95.1,0,1,0,3.0,
HH01181,2026-04-10,EN10,8,90.1,1,1,1,3.6,
HH01183,2026-03-18,EN06,5,70.8,0,1,1,2.8,
HH01184,2026-04-11,EN05,10,82.5,0,1,1,4.0,
HH01185,2026-03-17,EN14,10,100,1,1,1,3.6,
HH01186,2026-04-09,EN04,7,72.7,0,1,1,3.9,
HH01187,2026-03-16,EN14,6,92.2,1,1,0,3.4,
HH01188,2026-03-15,EN02,3,87.5,0,1,0,2.8,
HH01189,2026-03-26,EN15,2,81.3,0,1,0,3.9,
HH01190,2026-03-03,EN15,7,82.5,0,0,1,1.9,
HH01191,2026-03-11,EN04,8,73.1,1,1,1,3.3,
HH01192,2026-03-11,EN02,10,73.9,0,0,1,2.7,
HH01193,2026-03-04,EN15,6,87.2,1,1,0,3.9,
HH01194,2026-03-26,EN05,8,70.3,0,1,1,2.6,
HH01195,2026-04-07,EN13,5,87.0,0,1,0,2.7,
HH01196,2026-03-26,EN02,5,100,0,1,1,4.6,
HH01197,2026-03-09,EN06,7,74.1,0,1,0,3.3,
HH01198,2026-03-28,EN01,8,83.7,0,0,1,2.2,
HH01199,2026-03-02,EN03,5,71.5,1,1,0,2.9,
HH01200,2026-03-30,EN01,9,74.8,1,1,1,3.6,
